{
  "containerDefinitions": [
    {
      "memory": 264,
      "portMappings": [
        {
          "hostPort": 80,
          "containerPort": 8080,
          "protocol": "tcp"
        }
      ],
      "essential": true,
      "name": "tomcat-container",
      "image": "tomcat",
      "logConfiguration": {
        "logDriver": "awslogs",
        "options": {
          "awslogs-group": "ecs-log-streaming",
          "awslogs-region": "us-west-2",
          "awslogs-stream-prefix": "fargate-tomcat-1"
        }
      },
      "cpu": 0
    }
  ],
  "networkMode": "awsvpc",
  "executionRoleArn": "Execution Role ARN",
  "memory": "2048",
  "cpu": "1024",
  "requiresCompatibilities": [
    "FARGATE"
  ]

}